"","GENE","Snp_Number","FPCA","Chi_permutation","Chi_min","T2","CMC"
"1","ORMDL3",26,0.512696468215808,0.376237623762376,0.0399130332745982,0.0549570257729477,0.0549570257729477
